<?xml version="1.0" encoding="utf-8"?>
<manifest identifier="MANIFEST-J5BHGQEYOWTKL92R" xmlns="http://www.imsglobal.org/xsd/imscp_v1p1" xmlns:imsmd="http://www.imsglobal.org/xsd/imsmd_v1p2" xmlns:imsqti="http://www.imsglobal.org/xsd/imsqti_metadata_v2p1" xmlns:xsi="http://www.w3.org/2001/XMLSchema-instance" xsi:schemaLocation="http://www.imsglobal.org/xsd/imscp_v1p1 http://www.imsglobal.org/xsd/imscp_v1p1.xsd http://www.imsglobal.org/xsd/imsmd_v1p2 http://www.imsglobal.org/xsd/imsmd_v1p2p4.xsd http://www.imsglobal.org/xsd/imsqti_metadata_v2p1 http://www.imsglobal.org/xsd/qti/qtiv2p1/imsqti_metadata_v2p1.xsd">
	<metadata>
		<schema>QTIv2.1 Package</schema>
		<schemaversion>1.0.0</schemaversion>
		<imsmd:lom>
			<imsmd:general>
				<imsmd:identifier>physicsp1</imsmd:identifier>
				<imsmd:title>
					<imsmd:langstring xml:lang="en">physicsp1</imsmd:langstring>
				</imsmd:title>
				<imsmd:language>en</imsmd:language>
				<imsmd:description>
					<imsmd:langstring xml:lang="en"/>
				</imsmd:description>
			</imsmd:general>
			<imsmd:lifecycle>
				<imsmd:version>
					<imsmd:langstring xml:lang="en">2.1</imsmd:langstring>
				</imsmd:version>
				<imsmd:status>
					<imsmd:source>
						<imsmd:langstring xml:lang="en">LOMv1.0</imsmd:langstring>
					</imsmd:source>
					<imsmd:value>
						<imsmd:langstring xml:lang="x-none">Final</imsmd:langstring>
					</imsmd:value>
				</imsmd:status>
			</imsmd:lifecycle>
			<imsmd:metametadata>
				<imsmd:metadatascheme>LOMv1.0</imsmd:metadatascheme>
				<imsmd:metadatascheme>QTIv2.1</imsmd:metadatascheme>
				<imsmd:language>en</imsmd:language>
			</imsmd:metametadata>
			<imsmd:technical>
				<imsmd:format>text/x-imsqti-item-xml</imsmd:format>
				<imsmd:format>image/jpg</imsmd:format>
			</imsmd:technical>
		</imsmd:lom>
	</metadata>
	<organizations/>
	<resources>
		<resource href="assessment_test.xml" identifier="RES-0GCEB4VRMUB1FH0E" type="imsqti_test_xmlv2p1">
			<metadata/>
			<file href="assessment_test.xml"/>
		</resource>
		<resource href="items/Q001_MHW.xml" identifier="RES-RYIGO8411VKL4ATP" type="imsqti_item_xmlv2p1">
			<metadata/>
			<file href="items/Q001_MHW.xml"/>
			<file href="assets/Q001_MHW_diagram_0.jpg"/>
		</resource>
		<resource href="items/Q002_TQG.xml" identifier="RES-AI7IDGXYCOP572PT" type="imsqti_item_xmlv2p1">
			<metadata/>
			<file href="items/Q002_TQG.xml"/>
			<file href="assets/Q002_TQG_diagram_0.jpg"/>
		</resource>
		<resource href="items/Q003_CEJ.xml" identifier="RES-U28GMI1JL8O4AHPE" type="imsqti_item_xmlv2p1">
			<metadata/>
			<file href="items/Q003_CEJ.xml"/>
			<file href="assets/Q003_CEJ_diagram_0.jpg"/>
		</resource>
		<resource href="items/Q004_AQV.xml" identifier="RES-E7J1J1UAO93ZJ8RK" type="imsqti_item_xmlv2p1">
			<metadata/>
			<file href="items/Q004_AQV.xml"/>
			<file href="assets/Q004_AQV_diagram_0.jpg"/>
			<file href="assets/Q004_AQV_diagram_1.jpg"/>
		</resource>
		<resource href="items/Q005_THS.xml" identifier="RES-8UKHTYDJ0UQMP77O" type="imsqti_item_xmlv2p1">
			<metadata/>
			<file href="items/Q005_THS.xml"/>
			<file href="assets/Q005_THS_diagram_0.jpg"/>
			<file href="assets/Q005_THS_diagram_1.jpg"/>
		</resource>
		<resource href="items/Q006_T9J.xml" identifier="RES-ZS389ECD888R92O7" type="imsqti_item_xmlv2p1">
			<metadata/>
			<file href="items/Q006_T9J.xml"/>
		</resource>
		<resource href="items/Q007_3KA.xml" identifier="RES-3E6O5N6X4JURX8HD" type="imsqti_item_xmlv2p1">
			<metadata/>
			<file href="items/Q007_3KA.xml"/>
			<file href="assets/Q007_3KA_diagram_0.jpg"/>
		</resource>
		<resource href="items/Q008_514.xml" identifier="RES-S3OWV9RXDPCF1ZH6" type="imsqti_item_xmlv2p1">
			<metadata/>
			<file href="items/Q008_514.xml"/>
			<file href="assets/Q008_514_diagram_0.jpg"/>
		</resource>
		<resource href="items/Q009_O5V.xml" identifier="RES-GAFVVFFMJMZM6JEZ" type="imsqti_item_xmlv2p1">
			<metadata/>
			<file href="items/Q009_O5V.xml"/>
			<file href="assets/Q009_O5V_diagram_0.jpg"/>
		</resource>
		<resource href="items/Q010_G6K.xml" identifier="RES-RYMCJ1D1A80BNUWD" type="imsqti_item_xmlv2p1">
			<metadata/>
			<file href="items/Q010_G6K.xml"/>
			<file href="assets/Q010_G6K_diagram_0.jpg"/>
		</resource>
		<resource href="items/Q011_VVE.xml" identifier="RES-K6HOTEDT914A23DV" type="imsqti_item_xmlv2p1">
			<metadata/>
			<file href="items/Q011_VVE.xml"/>
		</resource>
		<resource href="items/Q012_YNR.xml" identifier="RES-VRTSWM915TG648UE" type="imsqti_item_xmlv2p1">
			<metadata/>
			<file href="items/Q012_YNR.xml"/>
			<file href="assets/Q012_YNR_diagram_0.jpg"/>
		</resource>
		<resource href="items/Q013_E2Y.xml" identifier="RES-8Q1Q83DJUVIO01DJ" type="imsqti_item_xmlv2p1">
			<metadata/>
			<file href="items/Q013_E2Y.xml"/>
			<file href="assets/Q013_E2Y_diagram_0.jpg"/>
		</resource>
		<resource href="items/Q014_E2M.xml" identifier="RES-8VOEG3POIQQ8RX3P" type="imsqti_item_xmlv2p1">
			<metadata/>
			<file href="items/Q014_E2M.xml"/>
			<file href="assets/Q014_E2M_diagram_0.jpg"/>
		</resource>
		<resource href="items/Q015_8C2.xml" identifier="RES-4IP27NLSOJYT9HL0" type="imsqti_item_xmlv2p1">
			<metadata/>
			<file href="items/Q015_8C2.xml"/>
			<file href="assets/Q015_8C2_diagram_0.jpg"/>
			<file href="assets/Q015_8C2_diagram_1.jpg"/>
		</resource>
		<resource href="items/Q016_3MB.xml" identifier="RES-L7UIPRZJD9AQ57L9" type="imsqti_item_xmlv2p1">
			<metadata/>
			<file href="items/Q016_3MB.xml"/>
			<file href="assets/Q016_3MB_diagram_0.jpg"/>
		</resource>
		<resource href="items/Q017_1K6.xml" identifier="RES-95JCUK7BMS83YFEM" type="imsqti_item_xmlv2p1">
			<metadata/>
			<file href="items/Q017_1K6.xml"/>
		</resource>
		<resource href="items/Q018_MZT.xml" identifier="RES-DNDAUFLEOT8VVVBE" type="imsqti_item_xmlv2p1">
			<metadata/>
			<file href="items/Q018_MZT.xml"/>
			<file href="assets/Q018_MZT_diagram_0.jpg"/>
		</resource>
		<resource href="items/Q019_A6Z.xml" identifier="RES-0BQJ4G3LRSR07F4D" type="imsqti_item_xmlv2p1">
			<metadata/>
			<file href="items/Q019_A6Z.xml"/>
		</resource>
		<resource href="items/Q020_FUC.xml" identifier="RES-MKBJLMSJCKOHCZ22" type="imsqti_item_xmlv2p1">
			<metadata/>
			<file href="items/Q020_FUC.xml"/>
			<file href="assets/Q020_FUC_diagram_0.jpg"/>
		</resource>
	</resources>
</manifest>
