<assessmentItem adaptive="false" identifier="Q001_MHW" timeDependent="false" title="Q001 The diagram shows a vernier scale. What is the reading on th" xmlns="http://www.imsglobal.org/xsd/imsqti_v2p1" xmlns:xsi="http://www.w3.org/2001/XMLSchema-instance" xsi:schemaLocation="http://www.imsglobal.org/xsd/imsqti_v2p1  http://www.imsglobal.org/xsd/qti/qtiv2p1/imsqti_v2p1.xsd"><responseDeclaration baseType="identifier" cardinality="single" identifier="RESPONSE" /><outcomeDeclaration baseType="float" cardinality="single" identifier="SCORE" /><itemBody><div ></div><choiceInteraction maxChoices="1" responseIdentifier="RESPONSE" shuffle="false"><prompt><div> <div>The diagram shows a vernier scale. </div><div> <img alt="diagram" src="../assets/Q001_MHW_diagram_0.jpg" /> </div><div>What is the reading on the vernier scale? </div> </div></prompt><simpleChoice identifier="A"><div> <div>6.50 cm</div> </div></simpleChoice><simpleChoice identifier="B"><div> <div>6.55 cm</div> </div></simpleChoice><simpleChoice identifier="C"><div> <div>7.00 cm</div> </div></simpleChoice><simpleChoice identifier="D"><div> <div>7.05 cm</div> </div></simpleChoice></choiceInteraction></itemBody></assessmentItem>