<assessmentItem adaptive="false" identifier="Q002_TQG" timeDependent="false" title="Q002 woman runs 2.0km from X to Y in 20 minutes and then rests at" xmlns="http://www.imsglobal.org/xsd/imsqti_v2p1" xmlns:xsi="http://www.w3.org/2001/XMLSchema-instance" xsi:schemaLocation="http://www.imsglobal.org/xsd/imsqti_v2p1  http://www.imsglobal.org/xsd/qti/qtiv2p1/imsqti_v2p1.xsd"><responseDeclaration baseType="identifier" cardinality="single" identifier="RESPONSE" /><outcomeDeclaration baseType="float" cardinality="single" identifier="SCORE" /><itemBody><div ></div><choiceInteraction maxChoices="1" responseIdentifier="RESPONSE" shuffle="false"><prompt><div> <div>A woman runs 2.0km from X to Y in 20 minutes and then rests at Y for 10 minutes. She then </div><div>takes 10 minutes to run 1.6 km from Y to Z. </div><div> <img alt="diagram" src="../assets/Q002_TQG_diagram_0.jpg" /> </div><div>What is the size of her average velocity for the journey from X to Z? </div> </div></prompt><simpleChoice identifier="A"><div> <div>0.060 km/min</div> </div></simpleChoice><simpleChoice identifier="B"><div> <div>0.080 km/min</div> </div></simpleChoice><simpleChoice identifier="C"><div> <div>0.090 km/min</div> </div></simpleChoice><simpleChoice identifier="D"><div> <div>0.130 km/min</div> </div></simpleChoice></choiceInteraction></itemBody></assessmentItem>