<assessmentItem adaptive="false" identifier="Q003_CEJ" timeDependent="false" title="Q003 The graph shows the movement of a car over a period of 50 s." xmlns="http://www.imsglobal.org/xsd/imsqti_v2p1" xmlns:xsi="http://www.w3.org/2001/XMLSchema-instance" xsi:schemaLocation="http://www.imsglobal.org/xsd/imsqti_v2p1  http://www.imsglobal.org/xsd/qti/qtiv2p1/imsqti_v2p1.xsd"><responseDeclaration baseType="identifier" cardinality="single" identifier="RESPONSE" /><outcomeDeclaration baseType="float" cardinality="single" identifier="SCORE" /><itemBody><div ></div><choiceInteraction maxChoices="1" responseIdentifier="RESPONSE" shuffle="false"><prompt><div> <div>The graph shows the movement of a car over a period of 50 s.</div><div> <img alt="diagram" src="../assets/Q003_CEJ_diagram_0.jpg" /> </div><div>What was the distance travelled by the car while its speed was increasing?</div> </div></prompt><simpleChoice identifier="A"><div> <div>10 m</div> </div></simpleChoice><simpleChoice identifier="B"><div> <div>20 m</div> </div></simpleChoice><simpleChoice identifier="C"><div> <div>100 m</div> </div></simpleChoice><simpleChoice identifier="D"><div> <div>200 m</div> </div></simpleChoice></choiceInteraction></itemBody></assessmentItem>