<assessmentItem adaptive="false" identifier="Q004_AQV" timeDependent="false" title="Q004 resultant force acts on an object and causes it to move in a" xmlns="http://www.imsglobal.org/xsd/imsqti_v2p1" xmlns:xsi="http://www.w3.org/2001/XMLSchema-instance" xsi:schemaLocation="http://www.imsglobal.org/xsd/imsqti_v2p1  http://www.imsglobal.org/xsd/qti/qtiv2p1/imsqti_v2p1.xsd"><responseDeclaration baseType="string" cardinality="single" identifier="RESPONSE" /><outcomeDeclaration baseType="float" cardinality="single" identifier="SCORE" /><itemBody><div ></div><extendedTextInteraction expectedLength="999999" responseIdentifier="RESPONSE"><prompt><div> <div>A resultant force acts on an object and causes it to move in a straight line. </div><div>The graph shows how the resultant force varies with time. </div><div> <img alt="diagram" src="../assets/Q004_AQV_diagram_0.jpg" /> </div><div>Which graph is the speed-time graph for the object?</div><div> <img alt="diagram" src="../assets/Q004_AQV_diagram_1.jpg" /> </div> </div></prompt></extendedTextInteraction></itemBody></assessmentItem>