<assessmentItem adaptive="false" identifier="Q005_THS" timeDependent="false" title="Q005 An engine pulls a truck at constant speed on a level track. " xmlns="http://www.imsglobal.org/xsd/imsqti_v2p1" xmlns:xsi="http://www.w3.org/2001/XMLSchema-instance" xsi:schemaLocation="http://www.imsglobal.org/xsd/imsqti_v2p1  http://www.imsglobal.org/xsd/qti/qtiv2p1/imsqti_v2p1.xsd"><responseDeclaration baseType="string" cardinality="single" identifier="RESPONSE" /><outcomeDeclaration baseType="float" cardinality="single" identifier="SCORE" /><itemBody><div ></div><extendedTextInteraction expectedLength="999999" responseIdentifier="RESPONSE"><prompt><div> <div> An engine pulls a truck at constant speed on a level track. </div><div> <img alt="diagram" src="../assets/Q005_THS_diagram_0.jpg" /> </div><div>The link between the engine and the truck breaks. The driving force on the engine remains constant. </div><div>What effect does this have on the engine and on the truck?</div><div> <img alt="diagram" src="../assets/Q005_THS_diagram_1.jpg" /> </div> </div></prompt></extendedTextInteraction></itemBody></assessmentItem>