<assessmentItem adaptive="false" identifier="Q006_T9J" timeDependent="false" title="Q006 force of 20 N pushes an object of mass 5.0 kg along a rough " xmlns="http://www.imsglobal.org/xsd/imsqti_v2p1" xmlns:xsi="http://www.w3.org/2001/XMLSchema-instance" xsi:schemaLocation="http://www.imsglobal.org/xsd/imsqti_v2p1  http://www.imsglobal.org/xsd/qti/qtiv2p1/imsqti_v2p1.xsd"><responseDeclaration baseType="identifier" cardinality="single" identifier="RESPONSE" /><outcomeDeclaration baseType="float" cardinality="single" identifier="SCORE" /><itemBody><div ></div><choiceInteraction maxChoices="1" responseIdentifier="RESPONSE" shuffle="false"><prompt><div> <div>A force of 20 N pushes an object of mass 5.0 kg along a rough horizontal surface where the</div><div>frictional force is 5.0 N. </div><div>What is the acceleration of the object?</div> </div></prompt><simpleChoice identifier="A"><div> <div>1.0 m/s<sup>2</sup></div> </div></simpleChoice><simpleChoice identifier="B"><div> <div>2.0 m/s<sup>2</sup></div> </div></simpleChoice><simpleChoice identifier="C"><div> <div>3.0 m/s<sup>2</sup></div> </div></simpleChoice><simpleChoice identifier="D"><div> <div>4.0 m/s<sup>2</sup></div> </div></simpleChoice></choiceInteraction></itemBody></assessmentItem>