<assessmentItem adaptive="false" identifier="Q007_3KA" timeDependent="false" title="Q007 The distance travelled by a car is increasing uniformly as i" xmlns="http://www.imsglobal.org/xsd/imsqti_v2p1" xmlns:xsi="http://www.w3.org/2001/XMLSchema-instance" xsi:schemaLocation="http://www.imsglobal.org/xsd/imsqti_v2p1  http://www.imsglobal.org/xsd/qti/qtiv2p1/imsqti_v2p1.xsd"><responseDeclaration baseType="identifier" cardinality="single" identifier="RESPONSE" /><outcomeDeclaration baseType="float" cardinality="single" identifier="SCORE" /><itemBody><div ></div><choiceInteraction maxChoices="1" responseIdentifier="RESPONSE" shuffle="false"><prompt><div> <div>The distance travelled by a car is increasing uniformly as it is driven along a straight road up a</div><div>hill. </div><div> <img alt="diagram" src="../assets/Q007_3KA_diagram_0.jpg" /> </div><div>Which quantity of the car is constant but not zero? </div> </div></prompt><simpleChoice identifier="A"><div> <div>acceleration</div> </div></simpleChoice><simpleChoice identifier="B"><div> <div>gravitational potential energy</div> </div></simpleChoice><simpleChoice identifier="C"><div> <div>kinetic energy</div> </div></simpleChoice><simpleChoice identifier="D"><div> <div>resultant force</div> </div></simpleChoice></choiceInteraction></itemBody></assessmentItem>