<assessmentItem adaptive="false" identifier="Q008_514" timeDependent="false" title="Q008 measuring cylinder contains 118 cm3 of water. When a small o" xmlns="http://www.imsglobal.org/xsd/imsqti_v2p1" xmlns:xsi="http://www.w3.org/2001/XMLSchema-instance" xsi:schemaLocation="http://www.imsglobal.org/xsd/imsqti_v2p1  http://www.imsglobal.org/xsd/qti/qtiv2p1/imsqti_v2p1.xsd"><responseDeclaration baseType="string" cardinality="single" identifier="RESPONSE" /><outcomeDeclaration baseType="float" cardinality="single" identifier="SCORE" /><itemBody><div ></div><extendedTextInteraction expectedLength="999999" responseIdentifier="RESPONSE"><prompt><div> <div>A measuring cylinder contains 118 cm<sup>3</sup> of water. When a small object is fully immersed in the</div><div>water, the reading goes up to 132 cm<sup>3</sup>. The object has a mass of 42 g. </div><div>What is the density of the object?</div><div> <img alt="diagram" src="../assets/Q008_514_diagram_0.jpg" /> </div> </div></prompt></extendedTextInteraction></itemBody></assessmentItem>