<assessmentItem adaptive="false" identifier="Q009_O5V" timeDependent="false" title="Q009 large hook sticks into a pencil. The hook and pencil are bal" xmlns="http://www.imsglobal.org/xsd/imsqti_v2p1" xmlns:xsi="http://www.w3.org/2001/XMLSchema-instance" xsi:schemaLocation="http://www.imsglobal.org/xsd/imsqti_v2p1  http://www.imsglobal.org/xsd/qti/qtiv2p1/imsqti_v2p1.xsd"><responseDeclaration baseType="string" cardinality="single" identifier="RESPONSE" /><outcomeDeclaration baseType="float" cardinality="single" identifier="SCORE" /><itemBody><div ></div><extendedTextInteraction expectedLength="999999" responseIdentifier="RESPONSE"><prompt><div> <div>A large hook sticks into a pencil. The hook and pencil are balanced on the edge of a table, as </div><div>shown. </div><div>Where is the centre of mass of the hook and pencil?</div><div> <img alt="diagram" src="../assets/Q009_O5V_diagram_0.jpg" /> </div> </div></prompt></extendedTextInteraction></itemBody></assessmentItem>