<assessmentItem adaptive="false" identifier="Q010_G6K" timeDependent="false" title="Q010 workman rolls a barrel of weight 2 000 N up a plank of lengt" xmlns="http://www.imsglobal.org/xsd/imsqti_v2p1" xmlns:xsi="http://www.w3.org/2001/XMLSchema-instance" xsi:schemaLocation="http://www.imsglobal.org/xsd/imsqti_v2p1  http://www.imsglobal.org/xsd/qti/qtiv2p1/imsqti_v2p1.xsd"><responseDeclaration baseType="identifier" cardinality="single" identifier="RESPONSE" /><outcomeDeclaration baseType="float" cardinality="single" identifier="SCORE" /><itemBody><div ></div><choiceInteraction maxChoices="1" responseIdentifier="RESPONSE" shuffle="false"><prompt><div> <div>A workman rolls a barrel of weight 2 000 N up a plank of length 2.00 m and on to a lorry. </div><div>The back of the lorry is 0.80 m above the horizontal surface of the road. </div><div> <img alt="diagram" src="../assets/Q010_G6K_diagram_0.jpg" /> </div><div>What is the work done on the barrel against gravity? <br /></div> </div></prompt><simpleChoice identifier="A"><div> <div>1 000 J</div> </div></simpleChoice><simpleChoice identifier="B"><div> <div>1 600 J</div> </div></simpleChoice><simpleChoice identifier="C"><div> <div>2 500 J</div> </div></simpleChoice><simpleChoice identifier="D"><div> <div>4 000 J</div> </div></simpleChoice></choiceInteraction></itemBody></assessmentItem>