<assessmentItem adaptive="false" identifier="Q011_VVE" timeDependent="false" title="Q011 The input power to a lamp is 6.0 W. The lamp wastes 2.7 J of" xmlns="http://www.imsglobal.org/xsd/imsqti_v2p1" xmlns:xsi="http://www.w3.org/2001/XMLSchema-instance" xsi:schemaLocation="http://www.imsglobal.org/xsd/imsqti_v2p1  http://www.imsglobal.org/xsd/qti/qtiv2p1/imsqti_v2p1.xsd"><responseDeclaration baseType="identifier" cardinality="single" identifier="RESPONSE" /><outcomeDeclaration baseType="float" cardinality="single" identifier="SCORE" /><itemBody><div ></div><choiceInteraction maxChoices="1" responseIdentifier="RESPONSE" shuffle="false"><prompt><div> <div>The input power to a lamp is 6.0 W. The lamp wastes 2.7 J of energy in 3.0 s.</div><div>What is the efficiency of the lamp? </div> </div></prompt><simpleChoice identifier="A"><div> <div>0.15</div> </div></simpleChoice><simpleChoice identifier="B"><div> <div>0.45</div> </div></simpleChoice><simpleChoice identifier="C"><div> <div>0.55</div> </div></simpleChoice><simpleChoice identifier="D"><div> <div>0.85</div> </div></simpleChoice></choiceInteraction></itemBody></assessmentItem>