<assessmentItem adaptive="false" identifier="Q012_YNR" timeDependent="false" title="Q012 Waves pass from deep water to shallow water and refraction o" xmlns="http://www.imsglobal.org/xsd/imsqti_v2p1" xmlns:xsi="http://www.w3.org/2001/XMLSchema-instance" xsi:schemaLocation="http://www.imsglobal.org/xsd/imsqti_v2p1  http://www.imsglobal.org/xsd/qti/qtiv2p1/imsqti_v2p1.xsd"><responseDeclaration baseType="identifier" cardinality="single" identifier="RESPONSE" /><outcomeDeclaration baseType="float" cardinality="single" identifier="SCORE" /><itemBody><div ></div><choiceInteraction maxChoices="1" responseIdentifier="RESPONSE" shuffle="false"><prompt><div> <div>Waves pass from deep water to shallow water and refraction occurs.</div><div> <img alt="diagram" src="../assets/Q012_YNR_diagram_0.jpg" /> </div><div>What is the speed of the waves in the shallow water? </div> </div></prompt><simpleChoice identifier="A"><div> <div>0.2 m/s</div> </div></simpleChoice><simpleChoice identifier="B"><div> <div>0.8 m/s</div> </div></simpleChoice><simpleChoice identifier="C"><div> <div>2.0 m/s</div> </div></simpleChoice><simpleChoice identifier="D"><div> <div>5.0 m/s</div> </div></simpleChoice></choiceInteraction></itemBody></assessmentItem>