<assessmentItem adaptive="false" identifier="Q013_E2Y" timeDependent="false" title="Q013 The diagram shows a wave on a string with two points P and Q" xmlns="http://www.imsglobal.org/xsd/imsqti_v2p1" xmlns:xsi="http://www.w3.org/2001/XMLSchema-instance" xsi:schemaLocation="http://www.imsglobal.org/xsd/imsqti_v2p1  http://www.imsglobal.org/xsd/qti/qtiv2p1/imsqti_v2p1.xsd"><responseDeclaration baseType="identifier" cardinality="single" identifier="RESPONSE" /><outcomeDeclaration baseType="float" cardinality="single" identifier="SCORE" /><itemBody><div ></div><choiceInteraction maxChoices="1" responseIdentifier="RESPONSE" shuffle="false"><prompt><div> <div>The diagram shows a wave on a string with two points P and Q marked. The wave is moving in</div><div>the direction shown. </div><div> <img alt="diagram" src="../assets/Q013_E2Y_diagram_0.jpg" /> </div><div>What will happen next? </div> </div></prompt><simpleChoice identifier="A"><div> <div>P will move to the right.</div> </div></simpleChoice><simpleChoice identifier="B"><div> <div>P will move up.</div> </div></simpleChoice><simpleChoice identifier="C"><div> <div>Q will not move.</div> </div></simpleChoice><simpleChoice identifier="D"><div> <div>Q will move up.</div> </div></simpleChoice></choiceInteraction></itemBody></assessmentItem>