<assessmentItem adaptive="false" identifier="Q014_E2M" timeDependent="false" title="Q014 The diagram shows a patient having her eyes tested. A chart " xmlns="http://www.imsglobal.org/xsd/imsqti_v2p1" xmlns:xsi="http://www.w3.org/2001/XMLSchema-instance" xsi:schemaLocation="http://www.imsglobal.org/xsd/imsqti_v2p1  http://www.imsglobal.org/xsd/qti/qtiv2p1/imsqti_v2p1.xsd"><responseDeclaration baseType="identifier" cardinality="single" identifier="RESPONSE" /><outcomeDeclaration baseType="float" cardinality="single" identifier="SCORE" /><itemBody><div ></div><choiceInteraction maxChoices="1" responseIdentifier="RESPONSE" shuffle="false"><prompt><div> <div>The diagram shows a patient having her eyes tested. A chart with letters on it is placed behind her and she sees the chart reflected in a plane mirror.</div><div> <img alt="diagram" src="../assets/Q014_E2M_diagram_0.jpg" /> </div><div>How far away from the patient is the image of the chart?</div> </div></prompt><simpleChoice identifier="A"><div> <div>2 m</div> </div></simpleChoice><simpleChoice identifier="B"><div> <div>4 m</div> </div></simpleChoice><simpleChoice identifier="C"><div> <div>5 m</div> </div></simpleChoice><simpleChoice identifier="D"><div> <div>7 m</div> </div></simpleChoice></choiceInteraction></itemBody></assessmentItem>