<assessmentItem adaptive="false" identifier="Q015_8C2" timeDependent="false" title="Q015 The rays of light from a ray box pass through three lenses p" xmlns="http://www.imsglobal.org/xsd/imsqti_v2p1" xmlns:xsi="http://www.w3.org/2001/XMLSchema-instance" xsi:schemaLocation="http://www.imsglobal.org/xsd/imsqti_v2p1  http://www.imsglobal.org/xsd/qti/qtiv2p1/imsqti_v2p1.xsd"><responseDeclaration baseType="string" cardinality="single" identifier="RESPONSE" /><outcomeDeclaration baseType="float" cardinality="single" identifier="SCORE" /><itemBody><div ></div><extendedTextInteraction expectedLength="999999" responseIdentifier="RESPONSE"><prompt><div> <div>The rays of light from a ray box pass through three lenses placed at positions 1, 2 and 3.</div><div> <img alt="diagram" src="../assets/Q015_8C2_diagram_0.jpg" /> </div><div>What type of lens is used at each position?</div><div> <img alt="diagram" src="../assets/Q015_8C2_diagram_1.jpg" /> </div> </div></prompt></extendedTextInteraction></itemBody></assessmentItem>