<assessmentItem adaptive="false" identifier="Q016_3MB" timeDependent="false" title="Q016 An object O is placed in front of a plane mirror.Which diagr" xmlns="http://www.imsglobal.org/xsd/imsqti_v2p1" xmlns:xsi="http://www.w3.org/2001/XMLSchema-instance" xsi:schemaLocation="http://www.imsglobal.org/xsd/imsqti_v2p1  http://www.imsglobal.org/xsd/qti/qtiv2p1/imsqti_v2p1.xsd"><responseDeclaration baseType="string" cardinality="single" identifier="RESPONSE" /><outcomeDeclaration baseType="float" cardinality="single" identifier="SCORE" /><itemBody><div ></div><extendedTextInteraction expectedLength="999999" responseIdentifier="RESPONSE"><prompt><div> <div>An object O is placed in front of a plane mirror.</div><div>Which diagram correctly represents the image <b>I</b> formed by the mirror?</div><div> <img alt="diagram" src="../assets/Q016_3MB_diagram_0.jpg" /> </div> </div></prompt></extendedTextInteraction></itemBody></assessmentItem>