<assessmentItem adaptive="false" identifier="Q017_1K6" timeDependent="false" title="Q017 Which type of wave is used to send telephone signals to and " xmlns="http://www.imsglobal.org/xsd/imsqti_v2p1" xmlns:xsi="http://www.w3.org/2001/XMLSchema-instance" xsi:schemaLocation="http://www.imsglobal.org/xsd/imsqti_v2p1  http://www.imsglobal.org/xsd/qti/qtiv2p1/imsqti_v2p1.xsd"><responseDeclaration baseType="identifier" cardinality="single" identifier="RESPONSE" /><outcomeDeclaration baseType="float" cardinality="single" identifier="SCORE" /><itemBody><div ></div><choiceInteraction maxChoices="1" responseIdentifier="RESPONSE" shuffle="false"><prompt><div> <div>Which type of wave is used to send telephone signals to and from a satellite?</div> </div></prompt><simpleChoice identifier="A"><div> <div>infrared waves</div> </div></simpleChoice><simpleChoice identifier="B"><div> <div>light waves</div> </div></simpleChoice><simpleChoice identifier="C"><div> <div>microwaves</div> </div></simpleChoice><simpleChoice identifier="D"><div> <div>sound waves</div> </div></simpleChoice></choiceInteraction></itemBody></assessmentItem>