<assessmentItem adaptive="false" identifier="Q018_MZT" timeDependent="false" title="Q018 Compressions and rarefactions are sent out from a loudspeake" xmlns="http://www.imsglobal.org/xsd/imsqti_v2p1" xmlns:xsi="http://www.w3.org/2001/XMLSchema-instance" xsi:schemaLocation="http://www.imsglobal.org/xsd/imsqti_v2p1  http://www.imsglobal.org/xsd/qti/qtiv2p1/imsqti_v2p1.xsd"><responseDeclaration baseType="identifier" cardinality="single" identifier="RESPONSE" /><outcomeDeclaration baseType="float" cardinality="single" identifier="SCORE" /><itemBody><div ></div><choiceInteraction maxChoices="1" responseIdentifier="RESPONSE" shuffle="false"><prompt><div> <div>Compressions and rarefactions are sent out from a loudspeaker cone as it vibrates backwards</div><div>and forwards. The frequency of vibration is 50 Hz. </div><div> <img alt="diagram" src="../assets/Q018_MZT_diagram_0.jpg" /> </div><div>A compression is at point P. How much time passes before the next rarefaction arrives at P?</div> </div></prompt><simpleChoice identifier="A"><div> <div>0.010 s</div> </div></simpleChoice><simpleChoice identifier="B"><div> <div>0.020 s</div> </div></simpleChoice><simpleChoice identifier="C"><div> <div>25 s</div> </div></simpleChoice><simpleChoice identifier="D"><div> <div>50 s</div> </div></simpleChoice></choiceInteraction></itemBody></assessmentItem>