<assessmentItem adaptive="false" identifier="Q019_A6Z" timeDependent="false" title="Q019 The length of mercury in the bore of a thermometer is 5.0 cm" xmlns="http://www.imsglobal.org/xsd/imsqti_v2p1" xmlns:xsi="http://www.w3.org/2001/XMLSchema-instance" xsi:schemaLocation="http://www.imsglobal.org/xsd/imsqti_v2p1  http://www.imsglobal.org/xsd/qti/qtiv2p1/imsqti_v2p1.xsd"><responseDeclaration baseType="identifier" cardinality="single" identifier="RESPONSE" /><outcomeDeclaration baseType="float" cardinality="single" identifier="SCORE" /><itemBody><div ></div><choiceInteraction maxChoices="1" responseIdentifier="RESPONSE" shuffle="false"><prompt><div> <div>The length of mercury in the bore of a thermometer is 5.0 cm at 0 °C and 11.0 cm at 60 °C.</div><div>What is the length in the bore when the temperature is –10°C? <br /></div> </div></prompt><simpleChoice identifier="A"><div> <div>1.0 cm</div> </div></simpleChoice><simpleChoice identifier="B"><div> <div>4.0cm</div> </div></simpleChoice><simpleChoice identifier="C"><div> <div>6.0 cm</div> </div></simpleChoice><simpleChoice identifier="D"><div> <div>10.0cm</div> </div></simpleChoice></choiceInteraction></itemBody></assessmentItem>