<assessmentItem adaptive="false" identifier="Q020_FUC" timeDependent="false" title="Q020 student uses a double-walled glass vessel to contain a hot l" xmlns="http://www.imsglobal.org/xsd/imsqti_v2p1" xmlns:xsi="http://www.w3.org/2001/XMLSchema-instance" xsi:schemaLocation="http://www.imsglobal.org/xsd/imsqti_v2p1  http://www.imsglobal.org/xsd/qti/qtiv2p1/imsqti_v2p1.xsd"><responseDeclaration baseType="identifier" cardinality="single" identifier="RESPONSE" /><outcomeDeclaration baseType="float" cardinality="single" identifier="SCORE" /><itemBody><div ></div><choiceInteraction maxChoices="1" responseIdentifier="RESPONSE" shuffle="false"><prompt><div> <div>A student uses a double-walled glass vessel to contain a hot liquid.</div><div> <img alt="diagram" src="../assets/Q020_FUC_diagram_0.jpg" /> </div><div>What reduces the heat loss by radiation? <br /></div> </div></prompt><simpleChoice identifier="A"><div> <div>a vacuum in the space between the walls</div> </div></simpleChoice><simpleChoice identifier="B"><div> <div>painting surface Q black</div> </div></simpleChoice><simpleChoice identifier="C"><div> <div>painting surface R black</div> </div></simpleChoice><simpleChoice identifier="D"><div> <div>painting surface S silver</div> </div></simpleChoice></choiceInteraction></itemBody></assessmentItem>